{"cameraMode":{"drawMode":0,"name":"Shaded","section":"Shading Mode"},"sceneLighting":false,"audioPlay":false,"sceneViewState":{"showFog":true,"showMaterialUpdate":false,"showSkybox":true,"showFlares":true,"showImageEffects":true,"showParticleSystems":true},"in2DMode":false,"pivot":{"x":2.6842880249023439,"y":-0.03531074523925781,"z":-4.339698791503906},"rotation":{"x":-0.008178808726370335,"y":0.9898002743721008,"z":-0.12719900906085969,"w":-0.06363167613744736},"size":2.8578836917877199,"orthographic":false}