{"cameraMode":{"drawMode":0,"name":"Shaded","section":"Shading Mode"},"sceneLighting":false,"audioPlay":false,"sceneViewState":{"m_AlwaysRefresh":false,"showFog":true,"showSkybox":true,"showFlares":true,"showImageEffects":true,"showParticleSystems":true,"showVisualEffectGraphs":true,"m_FxEnabled":true},"in2DMode":false,"pivot":{"x":-0.00008928775787353516,"y":0.8527515530586243,"z":0.03612580895423889},"rotation":{"x":-0.051974933594465259,"y":0.9290794730186462,"z":-0.14326824247837068,"w":-0.3370363414287567},"size":1.3667340278625489,"orthographic":false}